{
  "Adaptive (Ours)": {
    "train_loss": [
      7.799095529191037,
      5.138286742758243,
      4.713400107748965
    ],
    "val_loss": [
      6.191250562667847,
      5.519589151654925,
      5.563122987747192
    ]
  },
  "Fixed Rate": {
    "train_loss": [
      7.666485553092145,
      5.409956013902705,
      4.846780320431324
    ],
    "val_loss": [
      6.215131350925991,
      5.6572847706930975,
      5.591699089322772
    ]
  },
  "Fixed Temporal": {
    "train_loss": [
      7.787225682684716,
      5.467517589000946,
      5.261540260720761
    ],
    "val_loss": [
      6.217870507921491,
      6.150394644056048,
      5.8009394236973355
    ]
  },
  "Fixed Best": {
    "train_loss": [
      7.853967372407305,
      5.519354906487973,
      5.284479303562895
    ],
    "val_loss": [
      6.364000252314976,
      6.145971809114728,
      5.829332283564976
    ]
  }
}